DATE,품목,품종,거래단위,등급,평균가격,전일,전년
2015-01-02,무,무(전체),18kg,상품,8010,-,8100
2015-01-05,무,무(전체),18kg,상품,8100,-,-
2015-01-06,무,무(전체),18kg,상품,8100,8100,7920
2015-01-07,무,무(전체),18kg,상품,8100,8100,8100
2015-01-08,무,무(전체),18kg,상품,8100,8100,8100
2015-01-09,무,무(전체),18kg,상품,8100,8100,8280
2015-01-12,무,무(전체),18kg,상품,8100,-,-
2015-01-13,무,무(전체),18kg,상품,8100,8100,7740
2015-01-14,무,무(전체),18kg,상품,8100,8100,7740
2015-01-15,무,무(전체),18kg,상품,7740,8100,7740
2015-01-16,무,무(전체),18kg,상품,7740,7740,7740
2015-01-19,무,무(전체),18kg,상품,7740,-,-
2015-01-20,무,무(전체),18kg,상품,7740,7740,7740
2015-01-21,무,무(전체),18kg,상품,7740,7740,7380
2015-01-22,무,무(전체),18kg,상품,7740,7740,7740
2015-01-23,무,무(전체),18kg,상품,7740,7740,7740
2015-01-26,무,무(전체),18kg,상품,7740,-,-
2015-01-27,무,무(전체),18kg,상품,7920,7740,7380
2015-01-28,무,무(전체),18kg,상품,7920,7920,7380
2015-01-29,무,무(전체),18kg,상품,7920,7920,7380
2015-01-30,무,무(전체),18kg,상품,7920,7920,-
2015-02-02,무,무(전체),18kg,상품,7920,-,-
2015-02-03,무,무(전체),18kg,상품,8100,7920,7380
2015-02-04,무,무(전체),18kg,상품,8100,8100,7560
2015-02-05,무,무(전체),18kg,상품,8100,8100,7380
2015-02-06,무,무(전체),18kg,상품,8100,8100,7380
2015-02-09,무,무(전체),18kg,상품,8100,-,-
2015-02-10,무,무(전체),18kg,상품,8100,8100,7560
2015-02-11,무,무(전체),18kg,상품,8100,8100,7560
2015-02-12,무,무(전체),18kg,상품,9360,8100,7560
2015-02-13,무,무(전체),18kg,상품,9540,9360,7560
2015-02-16,무,무(전체),18kg,상품,9540,-,-
2015-02-17,무,무(전체),18kg,상품,9540,9540,7380
2015-02-23,무,무(전체),18kg,상품,9000,-,-
2015-02-24,무,무(전체),18kg,상품,9000,9000,7308
2015-02-25,무,무(전체),18kg,상품,9180,9000,7308
2015-02-26,무,무(전체),18kg,상품,9180,9180,6768
2015-02-27,무,무(전체),18kg,상품,9000,9180,6840
2015-03-02,무,무(전체),18kg,상품,8820,-,-
2015-03-03,무,무(전체),18kg,상품,8820,8820,6948
2015-03-04,무,무(전체),18kg,상품,8640,8820,6984
2015-03-05,무,무(전체),18kg,상품,8640,8640,7344
2015-03-06,무,무(전체),18kg,상품,8640,8640,7704
2015-03-09,무,무(전체),18kg,상품,8640,-,-
2015-03-10,무,무(전체),18kg,상품,8640,8640,7920
2015-03-11,무,무(전체),18kg,상품,8640,8640,7992
2015-03-12,무,무(전체),18kg,상품,8640,8640,7884
2015-03-13,무,무(전체),18kg,상품,8640,8640,7920
2015-03-16,무,무(전체),18kg,상품,8640,-,-
2015-03-17,무,무(전체),18kg,상품,8640,8640,7740
2015-03-18,무,무(전체),18kg,상품,8640,8640,7740
2015-03-19,무,무(전체),18kg,상품,8820,8640,7560
2015-03-20,무,무(전체),18kg,상품,8820,8820,7560
2015-03-23,무,무(전체),18kg,상품,8820,-,-
2015-03-24,무,무(전체),18kg,상품,8820,8820,7560
2015-03-25,무,무(전체),18kg,상품,8820,8820,7560
2015-03-26,무,무(전체),18kg,상품,9180,8820,7560
2015-03-27,무,무(전체),18kg,상품,9180,9180,7560
2015-03-30,무,무(전체),18kg,상품,9000,-,-
2015-03-31,무,무(전체),18kg,상품,9000,9000,7632
2015-04-01,무,무(전체),18kg,상품,9000,9000,7668
2015-04-02,무,무(전체),18kg,상품,9000,9000,7848
2015-04-03,무,무(전체),18kg,상품,9000,9000,7920
2015-04-06,무,무(전체),18kg,상품,9000,-,-
2015-04-07,무,무(전체),18kg,상품,9000,9000,7920
2015-04-08,무,무(전체),18kg,상품,9360,9000,7920
2015-04-09,무,무(전체),18kg,상품,9720,9360,7740
2015-04-10,무,무(전체),18kg,상품,9540,9720,7740
2015-04-13,무,무(전체),18kg,상품,9180,-,-
2015-04-14,무,무(전체),18kg,상품,9360,9180,7920
2015-04-15,무,무(전체),18kg,상품,8460,9360,7920
2015-04-16,무,무(전체),18kg,상품,8460,8460,8280
2015-04-17,무,무(전체),18kg,상품,8460,8460,8640
2015-04-20,무,무(전체),18kg,상품,8460,-,-
2015-04-21,무,무(전체),18kg,상품,8460,8460,9000
2015-04-22,무,무(전체),18kg,상품,8460,8460,9000
2015-04-23,무,무(전체),18kg,상품,8460,8460,9000
2015-04-24,무,무(전체),18kg,상품,8460,8460,9000
2015-04-27,무,무(전체),18kg,상품,8280,-,-
2015-04-28,무,무(전체),18kg,상품,8280,8280,9000
2015-04-29,무,무(전체),18kg,상품,8100,8280,9000
2015-04-30,무,무(전체),18kg,상품,8100,8100,9000
2015-05-04,무,무(전체),18kg,상품,9180,-,-
2015-05-06,무,무(전체),18kg,상품,8820,-,-
2015-05-07,무,무(전체),18kg,상품,8820,8820,9000
2015-05-08,무,무(전체),18kg,상품,8820,8820,9000
2015-05-11,무,무(전체),18kg,상품,9000,-,-
2015-05-12,무,무(전체),18kg,상품,8820,9000,9000
2015-05-13,무,무(전체),18kg,상품,8820,8820,9000
2015-05-14,무,무(전체),18kg,상품,8820,8820,9000
2015-05-15,무,무(전체),18kg,상품,8820,8820,8820
2015-05-18,무,무(전체),18kg,상품,9000,-,-
2015-05-19,무,무(전체),18kg,상품,9360,9000,8820
2015-05-20,무,무(전체),18kg,상품,9360,9360,8820
2015-05-21,무,무(전체),18kg,상품,9360,9360,8820
2015-05-22,무,무(전체),18kg,상품,9720,9360,8694
2015-05-26,무,무(전체),18kg,상품,10080,-,8694
2015-05-27,무,무(전체),18kg,상품,10440,10080,8694
2015-05-28,무,무(전체),18kg,상품,11160,10440,8604
2015-05-29,무,무(전체),18kg,상품,11700,11160,8604
2015-06-01,무,무(전체),18kg,상품,12060,-,-
2015-06-02,무,무(전체),18kg,상품,12600,12060,8784
2015-06-03,무,무(전체),18kg,상품,12600,12600,8784
2015-06-04,무,무(전체),18kg,상품,12870,12600,-
2015-06-05,무,무(전체),18kg,상품,12780,12870,8730
2015-06-08,무,무(전체),18kg,상품,12690,-,-
2015-06-09,무,무(전체),18kg,상품,12690,12690,9000
2015-06-10,무,무(전체),18kg,상품,12510,12690,9000
2015-06-11,무,무(전체),18kg,상품,12000,12510,9000
2015-06-12,무,무(전체),18kg,상품,11880,12000,9000
2015-06-15,무,무(전체),18kg,상품,12240,-,-
2015-06-16,무,무(전체),18kg,상품,13140,12240,8820
2015-06-17,무,무(전체),18kg,상품,12780,13140,8820
2015-06-18,무,무(전체),18kg,상품,12420,12780,8820
2015-06-19,무,무(전체),18kg,상품,12420,12420,8820
2015-06-22,무,무(전체),18kg,상품,12240,-,-
2015-06-23,무,무(전체),18kg,상품,10980,12240,8820
2015-06-24,무,무(전체),18kg,상품,10980,10980,8820
2015-06-25,무,무(전체),18kg,상품,11340,10980,8820
2015-06-26,무,무(전체),18kg,상품,11700,11340,8460
2015-06-29,무,무(전체),18kg,상품,12600,-,-
2015-06-30,무,무(전체),18kg,상품,13140,12600,8460
2015-07-01,무,무(전체),18kg,상품,14400,13140,8280
2015-07-02,무,무(전체),18kg,상품,14940,14400,8280
2015-07-03,무,무(전체),18kg,상품,14940,14940,8460
2015-07-06,무,무(전체),18kg,상품,14940,-,-
2015-07-07,무,무(전체),18kg,상품,16380,14940,9720
2015-07-08,무,무(전체),18kg,상품,17460,16380,9720
2015-07-09,무,무(전체),18kg,상품,18180,17460,9360
2015-07-10,무,무(전체),18kg,상품,18180,18180,9360
2015-07-13,무,무(전체),18kg,상품,19080,-,-
2015-07-14,무,무(전체),18kg,상품,18900,19080,9000
2015-07-15,무,무(전체),18kg,상품,17820,18900,9000
2015-07-16,무,무(전체),18kg,상품,17100,17820,9000
2015-07-17,무,무(전체),18kg,상품,16380,17100,9000
2015-07-20,무,무(전체),18kg,상품,16200,-,-
2015-07-21,무,무(전체),18kg,상품,16200,16200,9108
2015-07-22,무,무(전체),18kg,상품,16200,16200,9360
2015-07-23,무,무(전체),18kg,상품,15660,16200,9540
2015-07-24,무,무(전체),18kg,상품,15660,15660,9540
2015-07-27,무,무(전체),18kg,상품,14760,-,-
2015-07-28,무,무(전체),18kg,상품,14940,14760,9540
2015-07-29,무,무(전체),18kg,상품,14940,14940,9540
2015-07-30,무,무(전체),18kg,상품,15480,14940,9540
2015-07-31,무,무(전체),18kg,상품,14760,15480,9360
2015-08-03,무,무(전체),18kg,상품,13680,-,-
2015-08-04,무,무(전체),18kg,상품,13500,13680,9900
2015-08-05,무,무(전체),18kg,상품,13320,13500,9900
2015-08-06,무,무(전체),18kg,상품,12240,13320,9720
2015-08-07,무,무(전체),18kg,상품,12465,12240,9810
2015-08-10,무,무(전체),18kg,상품,12915,-,-
2015-08-11,무,무(전체),18kg,상품,12825,12915.1,9810
2015-08-12,무,무(전체),18kg,상품,12870,12825.1,9810
2015-08-13,무,무(전체),18kg,상품,12800,12870,10260
2015-08-17,무,무(전체),18kg,상품,12420,-,-
2015-08-18,무,무(전체),18kg,상품,11700,12420,9720
2015-08-19,무,무(전체),18kg,상품,10800,11700,9720
2015-08-20,무,무(전체),18kg,상품,10800,10800,9720
2015-08-21,무,무(전체),18kg,상품,10800,10800,9720
2015-08-24,무,무(전체),18kg,상품,10980,-,-
2015-08-25,무,무(전체),18kg,상품,11340,10980,9540
2015-08-26,무,무(전체),18kg,상품,12780,11340,9540
2015-08-27,무,무(전체),18kg,상품,11880,12780,9540
2015-08-28,무,무(전체),18kg,상품,10800,11880,9540
2015-08-31,무,무(전체),18kg,상품,9720,-,-
2015-09-01,무,무(전체),18kg,상품,8820,9720,9540
2015-09-02,무,무(전체),18kg,상품,9000,8820,9540
2015-09-03,무,무(전체),18kg,상품,8910,9000,10080
2015-09-04,무,무(전체),18kg,상품,8640,8910.2,10800
2015-09-07,무,무(전체),18kg,상품,8820,-,-
2015-09-08,무,무(전체),18kg,상품,8640,8820,-
2015-09-09,무,무(전체),18kg,상품,8460,8640,-
2015-09-21,무,무(전체),18kg,상품,7380,-,-
2015-09-22,무,무(전체),18kg,상품,7560,7380,10260
2015-09-23,무,무(전체),18kg,상품,8460,7560,10440
2015-09-24,무,무(전체),18kg,상품,9180,8460,11160
2015-09-25,무,무(전체),18kg,상품,9180,9180,11160
2015-09-30,무,무(전체),18kg,상품,9000,-,10800
2015-10-01,무,무(전체),18kg,상품,8820,9000,10800
2015-10-02,무,무(전체),18kg,상품,9360,8820,10800
2015-10-05,무,무(전체),18kg,상품,8640,-,-
2015-10-06,무,무(전체),18kg,상품,8640,8640,10440
2015-10-07,무,무(전체),18kg,상품,7740,8640,10080
2015-10-08,무,무(전체),18kg,상품,7560,7740,10080
2015-10-12,무,무(전체),18kg,상품,7560,-,-
2015-10-13,무,무(전체),18kg,상품,7740,7560,9900
2015-10-14,무,무(전체),18kg,상품,7740,7740,9900
2015-10-15,무,무(전체),18kg,상품,7650,7740,10080
2015-10-16,무,무(전체),18kg,상품,7650,7650.2,10080
2015-10-19,무,무(전체),18kg,상품,7470,-,-
2015-10-20,무,무(전체),18kg,상품,7200,7470.2,9540
2015-10-21,무,무(전체),18kg,상품,7111,7200.4,10152
2015-10-22,무,무(전체),18kg,상품,7111,7110.6,10260
2015-10-23,무,무(전체),18kg,상품,6931,7110.6,10080
2015-10-26,무,무(전체),18kg,상품,7380,-,-
2015-10-27,무,무(전체),18kg,상품,7380,7380.4,9720
2015-10-28,무,무(전체),18kg,상품,7470,7380.4,9540
2015-10-29,무,무(전체),18kg,상품,7650,7470.2,8802
2015-10-30,무,무(전체),18kg,상품,8010,7650.2,8802
2015-11-02,무,무(전체),18kg,상품,8190,-,-
2015-11-03,무,무(전체),18kg,상품,8010,8190.2,8568
2015-11-04,무,무(전체),18kg,상품,7695,8010.2,8568
2015-11-05,무,무(전체),18kg,상품,7695,7695.1,8388
2015-11-06,무,무(전체),18kg,상품,7695,7695.1,8388
2015-11-09,무,무(전체),18kg,상품,7785,-,-
2015-11-10,무,무(전체),18kg,상품,7875,7785.1,8388
2015-11-11,무,무(전체),18kg,상품,8100,7875.1,8388
2015-11-12,무,무(전체),18kg,상품,8100,8100,8388
2015-11-13,무,무(전체),18kg,상품,8280,8100,8388
2015-11-16,무,무(전체),18kg,상품,7920,-,-
2015-11-17,무,무(전체),18kg,상품,7920,7920,8208
2015-11-18,무,무(전체),18kg,상품,7740,7920,8208
2015-11-19,무,무(전체),18kg,상품,7830,7740,8388
2015-11-20,무,무(전체),18kg,상품,8010,7830.2,8568
2015-11-23,무,무(전체),18kg,상품,8010,-,-
2015-11-24,무,무(전체),18kg,상품,8190,8010.2,8568
2015-11-25,무,무(전체),18kg,상품,9000,8190.2,8568
2015-11-26,무,무(전체),18kg,상품,9000,9000,8568
2015-11-27,무,무(전체),18kg,상품,9180,9000,8568
2015-11-30,무,무(전체),18kg,상품,9000,-,-
2015-12-01,무,무(전체),18kg,상품,8820,9000,-
2015-12-02,무,무(전체),18kg,상품,8820,8820,8568
2015-12-03,무,무(전체),18kg,상품,8820,8820,8568
2015-12-07,무,무(전체),18kg,상품,8280,-,-
2015-12-08,무,무(전체),18kg,상품,8280,8280,8820
2015-12-09,무,무(전체),18kg,상품,8280,8280,8640
2015-12-10,무,무(전체),18kg,상품,8100,8280,8640
2015-12-11,무,무(전체),18kg,상품,7920,8100,8640
2015-12-14,무,무(전체),18kg,상품,8100,-,-
2015-12-15,무,무(전체),18kg,상품,8460,8100,8550
2015-12-16,무,무(전체),18kg,상품,8550,8460,8550
2015-12-17,무,무(전체),18kg,상품,8550,8550,8460
2015-12-18,무,무(전체),18kg,상품,8550,8550,8370
2015-12-21,무,무(전체),18kg,상품,8010,-,-
2015-12-22,무,무(전체),18kg,상품,8010,8010,8190
2015-12-23,무,무(전체),18kg,상품,7920,8010,8190
2015-12-24,무,무(전체),18kg,상품,7920,7920,8190
2015-12-28,무,무(전체),18kg,상품,7920,-,-
2015-12-29,무,무(전체),18kg,상품,7920,7920,8100
2015-12-30,무,무(전체),18kg,상품,8190,7920,8100
2015-12-31,무,무(전체),18kg,상품,8280,8190.2,8010
2016-01-04,무,무(전체),18kg,상품,8280,-,-
2016-01-05,무,무(전체),18kg,상품,8460,8280,8100
2016-01-06,무,무(전체),18kg,상품,8460,8460,8100
2016-01-07,무,무(전체),18kg,상품,8460,8460,8100
2016-01-08,무,무(전체),18kg,상품,8280,8460,8100
2016-01-11,무,무(전체),18kg,상품,8280,-,-
2016-01-12,무,무(전체),18kg,상품,8100,8280,8100
2016-01-13,무,무(전체),18kg,상품,8100,8100,8100
2016-01-14,무,무(전체),18kg,상품,7740,8100,8100
2016-01-15,무,무(전체),18kg,상품,7740,7740,7740
2016-01-18,무,무(전체),18kg,상품,7920,-,-
2016-01-19,무,무(전체),18kg,상품,8100,7920,7740
2016-01-20,무,무(전체),18kg,상품,8640,8100,7740
2016-01-21,무,무(전체),18kg,상품,9000,8640,7740
2016-01-22,무,무(전체),18kg,상품,9540,9000,7740
2016-01-25,무,무(전체),18kg,상품,12240,-,-
2016-01-26,무,무(전체),18kg,상품,12420,12240,7740
2016-01-27,무,무(전체),18kg,상품,12240,12420,7920
2016-01-28,무,무(전체),18kg,상품,12600,12240,7920
2016-01-29,무,무(전체),18kg,상품,15840,12600,7920
2016-02-01,무,무(전체),18kg,상품,17460,-,-
2016-02-02,무,무(전체),18kg,상품,17640,17460,7920
2016-02-03,무,무(전체),18kg,상품,16740,17640,8100
2016-02-04,무,무(전체),18kg,상품,16020,16740,8100
2016-02-05,무,무(전체),18kg,상품,14760,16020,8100
2016-02-11,무,무(전체),18kg,상품,12060,-,8100
2016-02-12,무,무(전체),18kg,상품,10620,12060,9360
2016-02-15,무,무(전체),18kg,상품,10440,-,-
2016-02-16,무,무(전체),18kg,상품,10980,10440,9540
2016-02-17,무,무(전체),18kg,상품,10800,10980,9540
2016-02-18,무,무(전체),18kg,상품,10620,10800,-
2016-02-19,무,무(전체),18kg,상품,10620,10620,-
2016-02-22,무,무(전체),18kg,상품,10260,-,-
2016-02-23,무,무(전체),18kg,상품,9900,10260,9000
2016-02-24,무,무(전체),18kg,상품,10080,9900,9000
2016-02-25,무,무(전체),18kg,상품,10440,10080,9180
2016-02-26,무,무(전체),18kg,상품,10440,10440,9180
2016-02-29,무,무(전체),18kg,상품,10980,-,-
2016-03-02,무,무(전체),18kg,상품,12780,-,8820
2016-03-03,무,무(전체),18kg,상품,14400,12780,8820
2016-03-04,무,무(전체),18kg,상품,14220,14400,8640
2016-03-07,무,무(전체),18kg,상품,14040,-,-
2016-03-08,무,무(전체),18kg,상품,13860,14040,-
2016-03-09,무,무(전체),18kg,상품,13860,13860,8640
2016-03-10,무,무(전체),18kg,상품,13500,13860,8640
2016-03-11,무,무(전체),18kg,상품,13320,13500,8640
2016-03-14,무,무(전체),18kg,상품,12960,-,-
2016-03-15,무,무(전체),18kg,상품,12960,12960,-
2016-03-16,무,무(전체),18kg,상품,13680,12960,8640
2016-03-17,무,무(전체),18kg,상품,13320,13680,8640
2016-03-18,무,무(전체),18kg,상품,13320,13320,8640
2016-03-21,무,무(전체),18kg,상품,13320,-,-
2016-03-22,무,무(전체),18kg,상품,13500,13320,-
2016-03-23,무,무(전체),18kg,상품,13140,13500,8820
2016-03-24,무,무(전체),18kg,상품,13140,13140,8820
2016-03-25,무,무(전체),18kg,상품,13140,13140,8820
2016-03-28,무,무(전체),18kg,상품,13320,-,-
2016-03-29,무,무(전체),18kg,상품,14040,13320,-
2016-03-30,무,무(전체),18kg,상품,14580,14040,9000
2016-03-31,무,무(전체),18kg,상품,14940,14580,9000
2016-04-01,무,무(전체),18kg,상품,15120,14940,9000
2016-04-04,무,무(전체),18kg,상품,15840,-,-
2016-04-05,무,무(전체),18kg,상품,17280,15840,-
2016-04-06,무,무(전체),18kg,상품,17460,17280,9000
2016-04-07,무,무(전체),18kg,상품,18360,17460,9000
2016-04-08,무,무(전체),18kg,상품,18360,18360,9360
2016-04-11,무,무(전체),18kg,상품,18540,-,-
2016-04-12,무,무(전체),18kg,상품,18000,18540,-
2016-04-14,무,무(전체),18kg,상품,17820,-,9360
2016-04-15,무,무(전체),18kg,상품,17820,17820,8460
2016-04-18,무,무(전체),18kg,상품,17820,-,-
2016-04-19,무,무(전체),18kg,상품,16920,17820,-
2016-04-20,무,무(전체),18kg,상품,16740,16920,8460
2016-04-21,무,무(전체),18kg,상품,16200,16740,8460
2016-04-22,무,무(전체),18kg,상품,15660,16200,8460
2016-04-25,무,무(전체),18kg,상품,16020,-,-
2016-04-26,무,무(전체),18kg,상품,16740,16020,-
2016-04-27,무,무(전체),18kg,상품,17460,16740,8280
2016-04-28,무,무(전체),18kg,상품,18000,17460,8280
2016-04-29,무,무(전체),18kg,상품,19260,18000,8100
2016-05-02,무,무(전체),18kg,상품,19620,-,-
2016-05-03,무,무(전체),18kg,상품,19440,19620,-
2016-05-04,무,무(전체),18kg,상품,19260,19440,9180
2016-05-09,무,무(전체),18kg,상품,18900,-,-
2016-05-10,무,무(전체),18kg,상품,18900,18900,-
2016-05-11,무,무(전체),18kg,상품,18900,18900,9000
2016-05-12,무,무(전체),18kg,상품,18720,18900,8820
2016-05-13,무,무(전체),18kg,상품,17820,18720,8820
2016-05-16,무,무(전체),18kg,상품,17100,-,-
2016-05-17,무,무(전체),18kg,상품,16560,17100,-
2016-05-18,무,무(전체),18kg,상품,16380,16560,9000
2016-05-19,무,무(전체),18kg,상품,15300,16380,9360
2016-05-20,무,무(전체),18kg,상품,14940,15300,9360
2016-05-23,무,무(전체),18kg,상품,13140,-,-
2016-05-24,무,무(전체),18kg,상품,13140,13140,-
2016-05-25,무,무(전체),18kg,상품,13140,13140,-
2016-05-26,무,무(전체),18kg,상품,12330,13140,10080
2016-05-27,무,무(전체),18kg,상품,11880,12330,10440
2016-05-30,무,무(전체),18kg,상품,11970,-,-
2016-05-31,무,무(전체),18kg,상품,11520,11970,-
2016-06-01,무,무(전체),18kg,상품,11250,11520,12060
2016-06-02,무,무(전체),18kg,상품,10800,11250,12600
2016-06-03,무,무(전체),18kg,상품,10350,10800,12600
2016-06-07,무,무(전체),18kg,상품,10350,-,-
2016-06-08,무,무(전체),18kg,상품,10260,10350,12690
2016-06-09,무,무(전체),18kg,상품,9900,10260,12690
2016-06-10,무,무(전체),18kg,상품,9540,9900,12510
2016-06-13,무,무(전체),18kg,상품,9360,-,-
2016-06-14,무,무(전체),18kg,상품,9180,9360,-
2016-06-15,무,무(전체),18kg,상품,9180,9180,12240
2016-06-16,무,무(전체),18kg,상품,9540,9180,13140
2016-06-17,무,무(전체),18kg,상품,9900,9540,12780
2016-06-20,무,무(전체),18kg,상품,9900,-,-
2016-06-21,무,무(전체),18kg,상품,10080,9900,-
2016-06-22,무,무(전체),18kg,상품,10980,10080,12240
2016-06-23,무,무(전체),18kg,상품,12600,10980,10980
2016-06-24,무,무(전체),18kg,상품,11880,12600,10980
2016-06-27,무,무(전체),18kg,상품,11160,-,-
2016-06-28,무,무(전체),18kg,상품,10080,11160,-
2016-06-29,무,무(전체),18kg,상품,9900,10080,12600
2016-06-30,무,무(전체),18kg,상품,9900,9900,13140
2016-07-01,무,무(전체),18kg,상품,10260,9900,14400
2016-07-04,무,무(전체),18kg,상품,12600,-,-
2016-07-05,무,무(전체),18kg,상품,12960,12600,-
2016-07-06,무,무(전체),18kg,상품,12600,12960,14940
2016-07-07,무,무(전체),18kg,상품,12780,12600,16380
2016-07-08,무,무(전체),18kg,상품,12060,12780,17460
2016-07-11,무,무(전체),18kg,상품,10260,-,-
2016-07-12,무,무(전체),18kg,상품,10080,10260,-
2016-07-13,무,무(전체),18kg,상품,10260,10080,19080
2016-07-14,무,무(전체),18kg,상품,10260,10260,18900
2016-07-15,무,무(전체),18kg,상품,10440,10260,17820
2016-07-18,무,무(전체),18kg,상품,11520,-,-
2016-07-19,무,무(전체),18kg,상품,10620,11520,-
2016-07-20,무,무(전체),18kg,상품,10800,10620,16200
2016-07-21,무,무(전체),18kg,상품,10980,10800,16200
2016-07-22,무,무(전체),18kg,상품,10980,10980,16200
2016-07-25,무,무(전체),18kg,상품,10980,-,-
2016-07-26,무,무(전체),18kg,상품,11700,10980,-
2016-07-27,무,무(전체),18kg,상품,11340,11700,14760
2016-07-28,무,무(전체),18kg,상품,11340,11340,14940
2016-07-29,무,무(전체),18kg,상품,10980,11340,14940
2016-08-01,무,무(전체),18kg,상품,10530,-,-
2016-08-02,무,무(전체),18kg,상품,10710,10530,-
2016-08-03,무,무(전체),18kg,상품,10710,10710,13680
2016-08-04,무,무(전체),18kg,상품,10800,10710,13500
2016-08-05,무,무(전체),18kg,상품,11250,10800,13320
2016-08-08,무,무(전체),18kg,상품,11250,-,-
2016-08-09,무,무(전체),18kg,상품,11520,11250,-
2016-08-10,무,무(전체),18kg,상품,11430,11520,12915.1
2016-08-11,무,무(전체),18kg,상품,12600,11430,12825.1
2016-08-12,무,무(전체),18kg,상품,12060,12600,12870
2016-08-16,무,무(전체),18kg,상품,12960,-,-
2016-08-17,무,무(전체),18kg,상품,14040,12960,12420
2016-08-18,무,무(전체),18kg,상품,14040,14040,11700
2016-08-19,무,무(전체),18kg,상품,14580,14040,10800
2016-08-22,무,무(전체),18kg,상품,15300,-,-
2016-08-23,무,무(전체),18kg,상품,15480,15300,-
2016-08-24,무,무(전체),18kg,상품,16020,15480,10980
2016-08-25,무,무(전체),18kg,상품,17100,16020,11340
2016-08-26,무,무(전체),18kg,상품,17640,17100,12780
2016-08-29,무,무(전체),18kg,상품,19080,-,-
2016-08-30,무,무(전체),18kg,상품,20700,19080,-
2016-08-31,무,무(전체),18kg,상품,22680,20700,9720
2016-09-01,무,무(전체),18kg,상품,25920,22680,8820
2016-09-02,무,무(전체),18kg,상품,24300,25920,9000
2016-09-05,무,무(전체),18kg,상품,23040,-,-
2016-09-06,무,무(전체),18kg,상품,21960,23040,-
2016-09-07,무,무(전체),18kg,상품,20520,21960,8820
2016-09-08,무,무(전체),18kg,상품,20340,20520,8640
2016-09-09,무,무(전체),18kg,상품,19980,20340,8460
2016-09-21,무,무(전체),18kg,상품,20520,-,7380
2016-09-22,무,무(전체),18kg,상품,20160,20520,7560
2016-09-23,무,무(전체),18kg,상품,19620,20160,8460
2016-09-26,무,무(전체),18kg,상품,19800,-,-
2016-09-27,무,무(전체),18kg,상품,20700,19800,-
2016-09-28,무,무(전체),18kg,상품,21780,20700,-
2016-09-29,무,무(전체),18kg,상품,21240,21780,-
2016-09-30,무,무(전체),18kg,상품,20700,21240,9000
2016-10-04,무,무(전체),18kg,상품,23400,-,-
2016-10-05,무,무(전체),18kg,상품,25020,23400,8640
2016-10-06,무,무(전체),18kg,상품,27000,25020,8640
2016-10-07,무,무(전체),18kg,상품,27900,27000,7740
2016-10-10,무,무(전체),18kg,상품,28620,-,-
2016-10-11,무,무(전체),18kg,상품,26280,28620,-
2016-10-12,무,무(전체),18kg,상품,25020,26280,7560
2016-10-13,무,무(전체),18kg,상품,24480,25020,7740
2016-10-14,무,무(전체),18kg,상품,23580,24480,7740
2016-10-17,무,무(전체),18kg,상품,23580,-,-
2016-10-18,무,무(전체),18kg,상품,22860,23580,-
2016-10-19,무,무(전체),18kg,상품,22320,22860,7470.2
2016-10-20,무,무(전체),18kg,상품,22500,22320,7200.4
2016-10-21,무,무(전체),18kg,상품,22860,22500,7110.6
2016-10-24,무,무(전체),18kg,상품,22500,-,-
2016-10-25,무,무(전체),18kg,상품,22500,22500,-
2016-10-26,무,무(전체),18kg,상품,22860,22500,7380.4
2016-10-27,무,무(전체),18kg,상품,23400,22860,7380.4
2016-10-28,무,무(전체),18kg,상품,23400,23400,7470.2
2016-10-31,무,무(전체),18kg,상품,18000,-,-
2016-11-01,무,무(전체),18kg,상품,16200,18000,-
2016-11-02,무,무(전체),18kg,상품,16110,16200,8190.2
2016-11-03,무,무(전체),18kg,상품,15480,16110,8010.2
2016-11-04,무,무(전체),18kg,상품,15390,15480,7695.1
2016-11-07,무,무(전체),18kg,상품,15390,-,-
2016-11-08,무,무(전체),18kg,상품,15120,15390,-
2016-11-09,무,무(전체),18kg,상품,15480,15120,7785.1
2016-11-10,무,무(전체),18kg,상품,15120,15480,7875.1
2016-11-11,무,무(전체),18kg,상품,15120,15120,8100
2016-11-14,무,무(전체),18kg,상품,15660,-,-
2016-11-15,무,무(전체),18kg,상품,15840,15660,-
2016-11-16,무,무(전체),18kg,상품,15840,15840,7920
2016-11-17,무,무(전체),18kg,상품,16200,15840,7920
2016-11-18,무,무(전체),18kg,상품,16020,16200,7740
2016-11-21,무,무(전체),18kg,상품,16560,-,-
2016-11-22,무,무(전체),18kg,상품,16920,16560,-
2016-11-23,무,무(전체),18kg,상품,16740,16920,8010.2
2016-11-24,무,무(전체),18kg,상품,16380,16740,8190.2
2016-11-25,무,무(전체),18kg,상품,16380,16380,9000
2016-11-28,무,무(전체),18kg,상품,16380,-,-
2016-11-29,무,무(전체),18kg,상품,16380,16380,-
2016-11-30,무,무(전체),18kg,상품,18000,16380,9000
2016-12-01,무,무(전체),18kg,상품,18900,18000,8820
2016-12-05,무,무(전체),18kg,상품,20520,-,-
2016-12-06,무,무(전체),18kg,상품,19980,20520,-
2016-12-07,무,무(전체),18kg,상품,21060,19980,8280
2016-12-08,무,무(전체),18kg,상품,21060,21060,8280
2016-12-09,무,무(전체),18kg,상품,21600,21060,8280
2016-12-12,무,무(전체),18kg,상품,21780,-,-
2016-12-13,무,무(전체),18kg,상품,22140,21780,-
2016-12-14,무,무(전체),18kg,상품,22860,22140,8100
2016-12-15,무,무(전체),18kg,상품,24750,22860,8460
2016-12-16,무,무(전체),18kg,상품,25020,24750,8550
2016-12-19,무,무(전체),18kg,상품,24570,-,-
2016-12-20,무,무(전체),18kg,상품,24750,24570,-
2016-12-21,무,무(전체),18kg,상품,25830,24750,8010
2016-12-22,무,무(전체),18kg,상품,25560,25830,8010
2016-12-23,무,무(전체),18kg,상품,26100,25560,7920
2016-12-26,무,무(전체),18kg,상품,24120,-,-
2016-12-27,무,무(전체),18kg,상품,23220,24120,-
2016-12-28,무,무(전체),18kg,상품,22590,23220,7920
2016-12-29,무,무(전체),18kg,상품,22590,22590,7920
2016-12-30,무,무(전체),18kg,상품,21600,22590,8190.2
2017-01-02,무,무(전체),18kg,상품,21420,-,-
2017-01-03,무,무(전체),18kg,상품,22500,21420,-
2017-01-04,무,무(전체),18kg,상품,22680,22500,8280
2017-01-05,무,무(전체),18kg,상품,22680,22680,8460
2017-01-06,무,무(전체),18kg,상품,21420,22680,8460
2017-01-09,무,무(전체),18kg,상품,20340,-,-
2017-01-10,무,무(전체),18kg,상품,20340,20340,-
2017-01-11,무,무(전체),18kg,상품,19260,20340,8280
2017-01-12,무,무(전체),18kg,상품,18000,19260,8100
2017-01-13,무,무(전체),18kg,상품,17460,18000,8100
2017-01-16,무,무(전체),18kg,상품,17460,-,-
2017-01-17,무,무(전체),18kg,상품,17820,17460,-
2017-01-18,무,무(전체),18kg,상품,17928,17820,7920
2017-01-19,무,무(전체),18kg,상품,18720,17928,8100
2017-01-20,무,무(전체),18kg,상품,18720,18720,8640
2017-01-23,무,무(전체),18kg,상품,17820,-,-
2017-01-24,무,무(전체),18kg,상품,17820,17820,-
2017-01-25,무,무(전체),18kg,상품,17820,17820,12240
2017-01-26,무,무(전체),18kg,상품,17820,17820,12420
2017-01-31,무,무(전체),18kg,상품,17460,-,-
2017-02-01,무,무(전체),18kg,상품,18000,17460,17460
2017-02-02,무,무(전체),18kg,상품,18720,18000,17640
2017-02-03,무,무(전체),18kg,상품,18720,18720,16740
2017-02-06,무,무(전체),18kg,상품,18180,-,-
2017-02-07,무,무(전체),18kg,상품,18000,18180,-
2017-02-08,무,무(전체),18kg,상품,18000,18000,-
2017-02-09,무,무(전체),18kg,상품,17640,18000,-
2017-02-10,무,무(전체),18kg,상품,17460,17640,-
2017-02-13,무,무(전체),18kg,상품,17640,-,-
2017-02-14,무,무(전체),18kg,상품,17280,17640,-
2017-02-15,무,무(전체),18kg,상품,17280,17280,10440
2017-02-16,무,무(전체),18kg,상품,17100,17280,10980
2017-02-17,무,무(전체),18kg,상품,15660,17100,10800
2017-02-20,무,무(전체),18kg,상품,16560,-,-
2017-02-21,무,무(전체),18kg,상품,15480,16560,-
2017-02-22,무,무(전체),18kg,상품,15300,15480,10260
2017-02-23,무,무(전체),18kg,상품,15120,15300,9900
2017-02-24,무,무(전체),18kg,상품,15120,15120,10080
2017-02-27,무,무(전체),18kg,상품,16920,-,-
2017-02-28,무,무(전체),18kg,상품,16920,16920,-
2017-03-02,무,무(전체),18kg,상품,16920,-,12780
2017-03-03,무,무(전체),18kg,상품,16380,16920,14400
2017-03-06,무,무(전체),18kg,상품,16020,-,-
2017-03-07,무,무(전체),18kg,상품,16020,16020,14040
2017-03-08,무,무(전체),18kg,상품,15840,16020,13860
2017-03-09,무,무(전체),18kg,상품,14940,15840,13860
2017-03-10,무,무(전체),18kg,상품,14940,14940,13500
2017-03-13,무,무(전체),18kg,상품,14220,-,-
2017-03-14,무,무(전체),18kg,상품,14940,14220,12960
2017-03-15,무,무(전체),18kg,상품,14400,14940,12960
2017-03-16,무,무(전체),18kg,상품,14580,14400,13680
2017-03-17,무,무(전체),18kg,상품,14220,14580,13320
2017-03-20,무,무(전체),18kg,상품,14220,-,-
2017-03-21,무,무(전체),18kg,상품,14940,14220,13320
2017-03-22,무,무(전체),18kg,상품,14400,14940,13500
2017-03-23,무,무(전체),18kg,상품,14040,14400,13140
2017-03-24,무,무(전체),18kg,상품,14580,14040,13140
2017-03-27,무,무(전체),18kg,상품,14940,-,-
2017-03-28,무,무(전체),18kg,상품,15300,14940,13320
2017-03-29,무,무(전체),18kg,상품,15660,15300,14040
2017-03-30,무,무(전체),18kg,상품,15300,15660,14580
2017-03-31,무,무(전체),18kg,상품,14940,15300,14940
2017-04-03,무,무(전체),18kg,상품,13860,-,-
2017-04-04,무,무(전체),18kg,상품,13680,13860,15840
2017-04-05,무,무(전체),18kg,상품,13500,13680,17280
2017-04-06,무,무(전체),18kg,상품,14220,13500,17460
2017-04-07,무,무(전체),18kg,상품,14400,14220,18360
2017-04-10,무,무(전체),18kg,상품,14400,-,-
2017-04-11,무,무(전체),18kg,상품,14220,14400,18540
2017-04-12,무,무(전체),18kg,상품,14220,14220,18000
2017-04-13,무,무(전체),18kg,상품,14220,14220,-
2017-04-14,무,무(전체),18kg,상품,14580,14220,17820
2017-04-17,무,무(전체),18kg,상품,14220,-,-
2017-04-18,무,무(전체),18kg,상품,13860,14220,17820
2017-04-19,무,무(전체),18kg,상품,14400,13860,16920
2017-04-20,무,무(전체),18kg,상품,15120,14400,16740
2017-04-21,무,무(전체),18kg,상품,14580,15120,16200
2017-04-24,무,무(전체),18kg,상품,13320,-,-
2017-04-25,무,무(전체),18kg,상품,14040,13320,16020
2017-04-26,무,무(전체),18kg,상품,14400,14040,16740
2017-04-27,무,무(전체),18kg,상품,14580,14400,17460
2017-04-28,무,무(전체),18kg,상품,14760,14580,18000
2017-05-02,무,무(전체),18kg,상품,14580,-,19620
2017-05-04,무,무(전체),18kg,상품,15480,-,19260
2017-05-08,무,무(전체),18kg,상품,15480,-,-
2017-05-10,무,무(전체),18kg,상품,15480,-,18900
2017-05-11,무,무(전체),18kg,상품,15840,15480,18900
2017-05-12,무,무(전체),18kg,상품,16020,15840,18720
2017-05-15,무,무(전체),18kg,상품,15300,-,-
2017-05-16,무,무(전체),18kg,상품,15300,15300,17100
2017-05-17,무,무(전체),18kg,상품,15300,15300,16560
2017-05-18,무,무(전체),18kg,상품,15300,15300,16380
2017-05-19,무,무(전체),18kg,상품,14760,15300,15300
2017-05-22,무,무(전체),18kg,상품,13680,-,-
2017-05-23,무,무(전체),18kg,상품,13680,13680,13140
2017-05-24,무,무(전체),18kg,상품,13680,13680,13140
2017-05-25,무,무(전체),18kg,상품,12960,13680,13140
2017-05-26,무,무(전체),18kg,상품,12060,12960,12330
2017-05-29,무,무(전체),18kg,상품,10980,-,-
2017-05-30,무,무(전체),18kg,상품,11160,10980,11970
2017-05-31,무,무(전체),18kg,상품,11340,11160,11520
2017-06-01,무,무(전체),18kg,상품,11520,11340,11250
2017-06-02,무,무(전체),18kg,상품,11520,11520,10800
2017-06-05,무,무(전체),18kg,상품,11880,-,-
2017-06-07,무,무(전체),18kg,상품,11520,-,10350
2017-06-08,무,무(전체),18kg,상품,11520,11520,10260
2017-06-09,무,무(전체),18kg,상품,11520,11520,9900
2017-06-12,무,무(전체),18kg,상품,10260,-,-
2017-06-13,무,무(전체),18kg,상품,10620,10260,9360
2017-06-14,무,무(전체),18kg,상품,10620,10620,9180
2017-06-15,무,무(전체),18kg,상품,10440,10620,9180
2017-06-16,무,무(전체),18kg,상품,10080,10440,9540
2017-06-19,무,무(전체),18kg,상품,11340,-,-
2017-06-20,무,무(전체),18kg,상품,10980,11340,9900
2017-06-21,무,무(전체),18kg,상품,10260,10980,10080
2017-06-22,무,무(전체),18kg,상품,10620,10260,10980
2017-06-23,무,무(전체),18kg,상품,11520,10620,12600
2017-06-26,무,무(전체),18kg,상품,10620,-,-
2017-06-27,무,무(전체),18kg,상품,11520,10620,11160
2017-06-28,무,무(전체),18kg,상품,11700,11520,10080
2017-06-29,무,무(전체),18kg,상품,11340,11700,9900
2017-06-30,무,무(전체),18kg,상품,10620,11340,9900
2017-07-03,무,무(전체),18kg,상품,11520,-,-
2017-07-04,무,무(전체),18kg,상품,11160,11520,12600
2017-07-05,무,무(전체),18kg,상품,11340,11160,12960
2017-07-06,무,무(전체),18kg,상품,10620,11340,12600
2017-07-07,무,무(전체),18kg,상품,10440,10620,12780
2017-07-10,무,무(전체),18kg,상품,10800,-,-
2017-07-11,무,무(전체),18kg,상품,11160,10800,10260
2017-07-12,무,무(전체),18kg,상품,11160,11160,10080
2017-07-13,무,무(전체),18kg,상품,11160,11160,10260
2017-07-14,무,무(전체),18kg,상품,11160,11160,10260
2017-07-17,무,무(전체),18kg,상품,12600,-,-
2017-07-18,무,무(전체),18kg,상품,12600,12600,11520
2017-07-19,무,무(전체),18kg,상품,12780,12600,10620
2017-07-20,무,무(전체),18kg,상품,12240,12780,10800
2017-07-21,무,무(전체),18kg,상품,12600,12240,10980
2017-07-24,무,무(전체),18kg,상품,15840,-,-
2017-07-25,무,무(전체),18kg,상품,15480,15840,10980
2017-07-26,무,무(전체),18kg,상품,16740,15480,11700
2017-07-27,무,무(전체),18kg,상품,16740,16740,11340
2017-07-28,무,무(전체),18kg,상품,17460,16740,11340
2017-07-31,무,무(전체),18kg,상품,16740,-,-
2017-08-01,무,무(전체),18kg,상품,16560,16740,10530
2017-08-02,무,무(전체),18kg,상품,18540,16560,10710
2017-08-03,무,무(전체),18kg,상품,18720,18540,10710
2017-08-04,무,무(전체),18kg,상품,18540,18720,10800
2017-08-07,무,무(전체),18kg,상품,18990,-,-
2017-08-08,무,무(전체),18kg,상품,18900,18990,11250
2017-08-09,무,무(전체),18kg,상품,18630,18900,11520
2017-08-10,무,무(전체),18kg,상품,18810,18630,11430
2017-08-11,무,무(전체),18kg,상품,21240,18810,12600
2017-08-14,무,무(전체),18kg,상품,20880,-,-
2017-08-16,무,무(전체),18kg,상품,20700,-,12960
2017-08-17,무,무(전체),18kg,상품,20700,20700,14040
2017-08-18,무,무(전체),18kg,상품,20700,20700,14040
2017-08-21,무,무(전체),18kg,상품,20520,-,-
2017-08-22,무,무(전체),18kg,상품,20160,20520,15300
2017-08-23,무,무(전체),18kg,상품,19080,20160,15480
2017-08-24,무,무(전체),18kg,상품,19080,19080,16020
2017-08-25,무,무(전체),18kg,상품,20340,19080,17100
2017-08-28,무,무(전체),18kg,상품,19980,-,-
2017-08-29,무,무(전체),18kg,상품,19440,19980,19080
2017-08-30,무,무(전체),18kg,상품,19260,19440,20700
2017-08-31,무,무(전체),18kg,상품,18360,19260,22680
2017-09-01,무,무(전체),18kg,상품,17820,18360,25920
2017-09-04,무,무(전체),18kg,상품,19080,-,-
2017-09-05,무,무(전체),18kg,상품,18540,19080,23040
2017-09-06,무,무(전체),18kg,상품,18180,18540,21960
2017-09-07,무,무(전체),18kg,상품,17820,18180,20520
2017-09-08,무,무(전체),18kg,상품,17640,17820,20340
2017-09-21,무,무(전체),18kg,상품,14220,-,20520
2017-09-22,무,무(전체),18kg,상품,13680,14220,20160
2017-09-25,무,무(전체),18kg,상품,12960,-,-
2017-09-26,무,무(전체),18kg,상품,12060,12960,19800
2017-09-27,무,무(전체),18kg,상품,12060,12060,20700
2017-09-28,무,무(전체),18kg,상품,11880,12060,21780
2017-09-29,무,무(전체),18kg,상품,11700,11880,21240
2017-10-10,무,무(전체),18kg,상품,11700,-,28620
2017-10-11,무,무(전체),18kg,상품,11700,11700,26280
2017-10-12,무,무(전체),18kg,상품,11160,11700,25020
2017-10-13,무,무(전체),18kg,상품,10980,11160,24480
2017-10-16,무,무(전체),18kg,상품,8820,-,-
2017-10-17,무,무(전체),18kg,상품,7920,8820,23580
2017-10-18,무,무(전체),18kg,상품,7560,7920,22860
2017-10-19,무,무(전체),18kg,상품,7740,7560,22320
2017-10-20,무,무(전체),18kg,상품,7920,7740,22500
2017-10-23,무,무(전체),18kg,상품,7785,-,-
2017-10-24,무,무(전체),18kg,상품,7785,7785.1,22500
2017-10-25,무,무(전체),18kg,상품,7605,7785.1,22500
2017-10-26,무,무(전체),18kg,상품,7605,7605.1,22860
2017-10-27,무,무(전체),18kg,상품,7605,7605.1,23400
2017-10-30,무,무(전체),18kg,상품,7470,-,-
2017-10-31,무,무(전체),18kg,상품,7290,7470.2,18000
2017-11-01,무,무(전체),18kg,상품,7290,7290.2,16200
2017-11-02,무,무(전체),18kg,상품,7290,7290.2,16110
2017-11-03,무,무(전체),18kg,상품,7830,7290.2,15480
2017-11-06,무,무(전체),18kg,상품,8190,-,-
2017-11-07,무,무(전체),18kg,상품,8010,8190.2,15390
2017-11-08,무,무(전체),18kg,상품,8010,8010.2,15120
2017-11-09,무,무(전체),18kg,상품,7650,8010.2,15480
2017-11-10,무,무(전체),18kg,상품,7650,7650.2,15120
2017-11-13,무,무(전체),18kg,상품,7650,-,-
2017-11-14,무,무(전체),18kg,상품,7470,7650.2,15660
2017-11-15,무,무(전체),18kg,상품,7380,7470.2,15840
2017-11-16,무,무(전체),18kg,상품,7560,7380,15840
2017-11-17,무,무(전체),18kg,상품,7560,7560,16200
2017-11-20,무,무(전체),18kg,상품,7560,-,-
2017-11-21,무,무(전체),18kg,상품,7740,7560,16560
2017-11-22,무,무(전체),18kg,상품,7740,7740,16920
2017-11-23,무,무(전체),18kg,상품,7740,7740,16740
2017-11-24,무,무(전체),18kg,상품,8820,7740,16380
2017-11-27,무,무(전체),18kg,상품,8640,-,-
2017-11-28,무,무(전체),18kg,상품,8640,8640,16380
2017-11-29,무,무(전체),18kg,상품,8460,8640,16380
2017-11-30,무,무(전체),18kg,상품,8640,8460,18000
2017-12-04,무,무(전체),18kg,상품,8100,-,-
2017-12-05,무,무(전체),18kg,상품,7830,8100,20520
2017-12-06,무,무(전체),18kg,상품,7830,7830.2,19980
2017-12-07,무,무(전체),18kg,상품,7920,7830.2,21060
2017-12-08,무,무(전체),18kg,상품,8280,7920,21060
2017-12-11,무,무(전체),18kg,상품,8460,-,-
2017-12-12,무,무(전체),18kg,상품,8460,8460,21780
2017-12-13,무,무(전체),18kg,상품,8460,8460,22140
2017-12-14,무,무(전체),18kg,상품,8190,8460,22860
2017-12-15,무,무(전체),18kg,상품,7830,8190.2,24750
2017-12-18,무,무(전체),18kg,상품,8415,-,-
2017-12-19,무,무(전체),18kg,상품,8415,8415.1,24570
2017-12-20,무,무(전체),18kg,상품,8415,8415.1,24750
2017-12-21,무,무(전체),18kg,상품,8415,8415.1,25830
2017-12-22,무,무(전체),18kg,상품,8415,8415.1,25560
2017-12-26,무,무(전체),18kg,상품,9180,-,24120
2017-12-27,무,무(전체),18kg,상품,8820,9180,23220
2017-12-28,무,무(전체),18kg,상품,8640,8820,22590
2017-12-29,무,무(전체),18kg,상품,8640,8640,22590
2018-01-02,무,무(전체),18kg,상품,8640,-,21420
2018-01-03,무,무(전체),18kg,상품,9180,8640,22500
2018-01-04,무,무(전체),18kg,상품,9360,9180,22680
2018-01-05,무,무(전체),18kg,상품,9360,9360,22680
2018-01-08,무,무(전체),18kg,상품,9360,-,-
2018-01-09,무,무(전체),18kg,상품,9380,9360,20340
2018-01-10,무,무(전체),18kg,상품,9220,9380,20340
2018-01-11,무,무(전체),18kg,상품,9420,9220,19260
2018-01-12,무,무(전체),18kg,상품,9020,9420,18000
2018-01-15,무,무(전체),18kg,상품,8800,-,-
2018-01-16,무,무(전체),18kg,상품,9000,8800,17460
2018-01-17,무,무(전체),18kg,상품,9000,9000,17820
2018-01-18,무,무(전체),18kg,상품,8800,9000,17928
2018-01-19,무,무(전체),18kg,상품,8800,8800,18720
2018-01-22,무,무(전체),18kg,상품,8800,-,-
2018-01-23,무,무(전체),18kg,상품,8800,8800,17820
2018-01-24,무,무(전체),18kg,상품,8800,8800,17820
2018-01-25,무,무(전체),18kg,상품,8800,8800,17820
2018-01-26,무,무(전체),18kg,상품,8800,8800,17820
2018-01-29,무,무(전체),18kg,상품,9600,-,-
2018-01-30,무,무(전체),18kg,상품,10500,9600,-
2018-01-31,무,무(전체),18kg,상품,11500,10500,17460
2018-02-01,무,무(전체),18kg,상품,11500,11500,18000
2018-02-02,무,무(전체),18kg,상품,13400,11500,18720
2018-02-05,무,무(전체),18kg,상품,16600,-,-
2018-02-06,무,무(전체),18kg,상품,18600,16600,18180
2018-02-07,무,무(전체),18kg,상품,19000,18600,18000
2018-02-08,무,무(전체),18kg,상품,19400,19000,18000
2018-02-09,무,무(전체),18kg,상품,18600,19400,17640
2018-02-12,무,무(전체),18kg,상품,17600,-,-
2018-02-13,무,무(전체),18kg,상품,16600,17600,17640
2018-02-14,무,무(전체),18kg,상품,16400,16600,17280
2018-02-19,무,무(전체),18kg,상품,16200,-,-
2018-02-20,무,무(전체),18kg,상품,16200,16200,16560
2018-02-21,무,무(전체),18kg,상품,16000,16200,15480
2018-02-22,무,무(전체),18kg,상품,16200,16000,15300
2018-02-23,무,무(전체),18kg,상품,16200,16200,15120
2018-02-26,무,무(전체),18kg,상품,16200,-,-
2018-02-27,무,무(전체),18kg,상품,16400,16200,16920
2018-02-28,무,무(전체),18kg,상품,17600,16400,16920
2018-03-02,무,무(전체),18kg,상품,19600,-,16920
2018-03-05,무,무(전체),18kg,상품,18800,-,-
2018-03-06,무,무(전체),18kg,상품,18200,18800,16020
2018-03-07,무,무(전체),18kg,상품,17800,18200,16020
2018-03-08,무,무(전체),18kg,상품,18000,17800,15840
2018-03-09,무,무(전체),18kg,상품,17600,18000,14940
2018-03-12,무,무(전체),18kg,상품,19000,-,-
2018-03-13,무,무(전체),18kg,상품,19800,19000,14220
2018-03-14,무,무(전체),18kg,상품,17600,19800,14940
2018-03-15,무,무(전체),18kg,상품,17800,17600,14400
2018-03-16,무,무(전체),18kg,상품,18000,17800,14580
2018-03-19,무,무(전체),18kg,상품,17600,-,-
2018-03-20,무,무(전체),18kg,상품,17800,17600,14220
2018-03-21,무,무(전체),18kg,상품,18800,17800,14940
2018-03-22,무,무(전체),18kg,상품,20200,18800,14400
2018-03-23,무,무(전체),18kg,상품,19400,20200,14040
2018-03-26,무,무(전체),18kg,상품,19800,-,-
2018-03-27,무,무(전체),18kg,상품,19800,19800,14940
2018-03-28,무,무(전체),18kg,상품,19400,19800,15300
2018-03-29,무,무(전체),18kg,상품,18400,19400,15660
2018-03-30,무,무(전체),18kg,상품,18000,18400,15300
2018-04-02,무,무(전체),18kg,상품,17800,-,-
2018-04-03,무,무(전체),18kg,상품,17600,17800,13860
2018-04-04,무,무(전체),18kg,상품,17600,17600,13680
2018-04-05,무,무(전체),18kg,상품,17400,17600,13500
2018-04-06,무,무(전체),18kg,상품,18200,17400,14220
2018-04-09,무,무(전체),18kg,상품,19600,-,-
2018-04-10,무,무(전체),18kg,상품,19600,19600,14400
2018-04-11,무,무(전체),18kg,상품,19600,19600,14220
2018-04-12,무,무(전체),18kg,상품,19000,19600,14220
2018-04-13,무,무(전체),18kg,상품,18800,19000,14220
2018-04-16,무,무(전체),18kg,상품,18800,-,-
2018-04-17,무,무(전체),18kg,상품,20200,18800,14220
2018-04-18,무,무(전체),18kg,상품,20200,20200,13860
2018-04-19,무,무(전체),18kg,상품,20000,20200,14400
2018-04-20,무,무(전체),18kg,상품,20200,20000,15120
2018-04-23,무,무(전체),18kg,상품,21400,-,-
2018-04-24,무,무(전체),18kg,상품,21400,21400,13320
2018-04-25,무,무(전체),18kg,상품,23400,21400,14040
2018-04-26,무,무(전체),18kg,상품,24600,23400,14400
2018-04-27,무,무(전체),18kg,상품,24800,24600,14580
2018-04-30,무,무(전체),18kg,상품,25400,-,-
2018-05-02,무,무(전체),18kg,상품,26200,-,14580
2018-05-03,무,무(전체),18kg,상품,25800,26200,-
2018-05-04,무,무(전체),18kg,상품,26800,25800,15480
2018-05-08,무,무(전체),18kg,상품,26600,-,15480
2018-05-09,무,무(전체),18kg,상품,25200,26600,-
2018-05-10,무,무(전체),18kg,상품,25200,25200,15480
2018-05-11,무,무(전체),18kg,상품,25200,25200,15840
2018-05-14,무,무(전체),18kg,상품,24500,-,-
2018-05-15,무,무(전체),18kg,상품,25700,24500,15300
2018-05-16,무,무(전체),18kg,상품,25600,25700,15300
2018-05-17,무,무(전체),18kg,상품,25400,25600,15300
2018-05-18,무,무(전체),18kg,상품,24200,25400,15300
2018-05-21,무,무(전체),18kg,상품,22500,-,-
2018-05-23,무,무(전체),18kg,상품,20600,-,13680
2018-05-24,무,무(전체),18kg,상품,19900,20600,13680
2018-05-25,무,무(전체),18kg,상품,19100,19900,12960
2018-05-28,무,무(전체),18kg,상품,18700,-,-
2018-05-29,무,무(전체),18kg,상품,18700,18700,10980
2018-05-30,무,무(전체),18kg,상품,18700,18700,11160
2018-05-31,무,무(전체),18kg,상품,18800,18700,11340
2018-06-01,무,무(전체),18kg,상품,14200,18800,11520
2018-06-04,무,무(전체),18kg,상품,13800,-,-
2018-06-05,무,무(전체),18kg,상품,14200,13800,11880
2018-06-07,무,무(전체),18kg,상품,14600,-,11520
2018-06-08,무,무(전체),18kg,상품,14600,14600,11520
2018-06-11,무,무(전체),18kg,상품,14200,-,-
2018-06-12,무,무(전체),18kg,상품,14200,14200,10260
2018-06-14,무,무(전체),18kg,상품,13120,-,10620
2018-06-15,무,무(전체),18kg,상품,13060,13120,10440
2018-06-18,무,무(전체),18kg,상품,12400,-,-
2018-06-19,무,무(전체),18kg,상품,12400,12400,11340
2018-06-20,무,무(전체),18kg,상품,12600,12400,10980
2018-06-21,무,무(전체),18kg,상품,12400,12600,10260
2018-06-22,무,무(전체),18kg,상품,12400,12400,10620
2018-06-25,무,무(전체),18kg,상품,12000,-,-
2018-06-26,무,무(전체),18kg,상품,13000,12000,10620
2018-06-27,무,무(전체),18kg,상품,14200,13000,11520
2018-06-28,무,무(전체),18kg,상품,14400,14200,11700
2018-06-29,무,무(전체),18kg,상품,14200,14400,11340
2018-07-02,무,무(전체),18kg,상품,14600,-,-
2018-07-03,무,무(전체),18kg,상품,14400,14600,11520
2018-07-04,무,무(전체),18kg,상품,13800,14400,11160
2018-07-05,무,무(전체),18kg,상품,13200,13800,11340
2018-07-06,무,무(전체),18kg,상품,12600,13200,10620
2018-07-09,무,무(전체),18kg,상품,13000,-,-
2018-07-10,무,무(전체),18kg,상품,13200,13000,10800
2018-07-11,무,무(전체),18kg,상품,14800,13200,11160
2018-07-12,무,무(전체),18kg,상품,14400,14800,11160
2018-07-13,무,무(전체),18kg,상품,14400,14400,11160
2018-07-16,무,무(전체),18kg,상품,15800,-,-
2018-07-17,무,무(전체),18kg,상품,16600,15800,12600
2018-07-18,무,무(전체),18kg,상품,17400,16600,12600
2018-07-19,무,무(전체),18kg,상품,18400,17400,12780
2018-07-20,무,무(전체),18kg,상품,19200,18400,12240
2018-07-23,무,무(전체),18kg,상품,19800,-,-
2018-07-24,무,무(전체),18kg,상품,19600,19800,15840
2018-07-25,무,무(전체),18kg,상품,19800,19600,15480
2018-07-26,무,무(전체),18kg,상품,21600,19800,16740
2018-07-27,무,무(전체),18kg,상품,25400,21600,16740
2018-07-30,무,무(전체),18kg,상품,25800,-,-
2018-07-31,무,무(전체),18kg,상품,25320,25800,16740
2018-08-01,무,무(전체),18kg,상품,25200,25320,16560
2018-08-02,무,무(전체),18kg,상품,25400,25200,18540
2018-08-03,무,무(전체),18kg,상품,24800,25400,18720
2018-08-06,무,무(전체),18kg,상품,27400,-,-
2018-08-07,무,무(전체),18kg,상품,27200,27400,18990
2018-08-08,무,무(전체),18kg,상품,28600,27200,18900
2018-08-09,무,무(전체),18kg,상품,27000,28600,18630
2018-08-10,무,무(전체),18kg,상품,26600,27000,18810
2018-08-13,무,무(전체),18kg,상품,25400,-,-
2018-08-14,무,무(전체),18kg,상품,24400,25400,20880
2018-08-16,무,무(전체),18kg,상품,24400,-,20700
2018-08-17,무,무(전체),18kg,상품,24600,24400,20700
2018-08-20,무,무(전체),18kg,상품,23600,-,-
2018-08-21,무,무(전체),18kg,상품,24200,23600,20520
2018-08-22,무,무(전체),18kg,상품,26400,24200,20160
2018-08-23,무,무(전체),18kg,상품,29800,26400,19080
2018-08-24,무,무(전체),18kg,상품,33400,29800,19080
2018-08-27,무,무(전체),18kg,상품,29600,-,-
2018-08-28,무,무(전체),18kg,상품,32800,29600,19980
2018-08-29,무,무(전체),18kg,상품,30800,32800,19440
2018-08-30,무,무(전체),18kg,상품,29200,30800,19260
2018-09-21,무,무(전체),18kg,상품,27000,-,14220
2018-09-27,무,무(전체),18kg,상품,26600,-,12060
2018-09-28,무,무(전체),18kg,상품,24600,26600,11880
2018-10-01,무,무(전체),18kg,상품,22000,-,-
2018-10-02,무,무(전체),18kg,상품,19600,22000,-
2018-10-04,무,무(전체),18kg,상품,17200,-,-
2018-10-05,무,무(전체),18kg,상품,18800,17200,-
2018-10-08,무,무(전체),18kg,상품,18400,-,-
2018-10-10,무,무(전체),18kg,상품,17200,-,11700
2018-10-11,무,무(전체),18kg,상품,16400,17200,11700
2018-10-12,무,무(전체),18kg,상품,16400,16400,11160
2018-10-15,무,무(전체),18kg,상품,14800,-,-
2018-10-16,무,무(전체),18kg,상품,14800,14800,8820
2018-10-17,무,무(전체),18kg,상품,14000,14800,7920
2018-10-18,무,무(전체),18kg,상품,14800,14000,7560
2018-10-19,무,무(전체),18kg,상품,14600,14800,7740
2018-10-22,무,무(전체),18kg,상품,13400,-,-
2018-10-23,무,무(전체),18kg,상품,13000,13400,7785.1
2018-10-24,무,무(전체),18kg,상품,12400,13000,7785.1
2018-10-25,무,무(전체),18kg,상품,11200,12400,7605.1
2018-10-26,무,무(전체),18kg,상품,10400,11200,7605.1
2018-10-29,무,무(전체),18kg,상품,10900,-,-
2018-10-30,무,무(전체),18kg,상품,10600,10900,7470.2
2018-10-31,무,무(전체),18kg,상품,10800,10600,7290.2
2018-11-01,무,무(전체),18kg,상품,10500,10800,7290.2
2018-11-02,무,무(전체),18kg,상품,10400,10500,7290.2
2018-11-05,무,무(전체),18kg,상품,10200,-,-
2018-11-06,무,무(전체),18kg,상품,10000,10200,8190.2
2018-11-07,무,무(전체),18kg,상품,9800,10000,8010.2
2018-11-08,무,무(전체),18kg,상품,9800,9800,8010.2
2018-11-09,무,무(전체),18kg,상품,9800,9800,7650.2
2018-11-12,무,무(전체),18kg,상품,9800,-,-
2018-11-13,무,무(전체),18kg,상품,9400,9800,7650.2
2018-11-14,무,무(전체),18kg,상품,9400,9400,7470.2
2018-11-15,무,무(전체),18kg,상품,9400,9400,7380
2018-11-16,무,무(전체),18kg,상품,9000,9400,7560
2018-11-19,무,무(전체),18kg,상품,8800,-,-
2018-11-20,무,무(전체),18kg,상품,8600,8800,7560
2018-11-21,무,무(전체),18kg,상품,7800,8600,7740
2018-11-22,무,무(전체),18kg,상품,7600,7800,7740
2018-11-23,무,무(전체),18kg,상품,8400,7600,7740
2018-11-26,무,무(전체),18kg,상품,8400,-,-
2018-11-27,무,무(전체),18kg,상품,7700,8400,8640
2018-11-28,무,무(전체),18kg,상품,7200,7700,8640
2018-11-29,무,무(전체),18kg,상품,7000,7200,8460
2018-11-30,무,무(전체),18kg,상품,7200,7000,8640
2018-12-03,무,무(전체),18kg,상품,8200,-,-
2018-12-04,무,무(전체),18kg,상품,8200,8200,8100
2018-12-05,무,무(전체),18kg,상품,8200,8200,7830.2
2018-12-06,무,무(전체),18kg,상품,8400,8200,7830.2
2018-12-10,무,무(전체),18kg,상품,8600,-,-
2018-12-11,무,무(전체),18kg,상품,8600,8600,8460
2018-12-12,무,무(전체),18kg,상품,8600,8600,8460
2018-12-13,무,무(전체),18kg,상품,8400,8600,8460
2018-12-14,무,무(전체),18kg,상품,8000,8400,8190.2
2018-12-17,무,무(전체),18kg,상품,8500,-,-
2018-12-18,무,무(전체),18kg,상품,8500,8500,8415.1
2018-12-19,무,무(전체),18kg,상품,8400,8500,8415.1
2018-12-20,무,무(전체),18kg,상품,7900,8400,8415.1
2018-12-21,무,무(전체),18kg,상품,7600,7900,8415.1
2018-12-24,무,무(전체),18kg,상품,7600,-,-
2018-12-26,무,무(전체),18kg,상품,7500,-,9180
2018-12-27,무,무(전체),18kg,상품,7600,7500,8820
2018-12-28,무,무(전체),18kg,상품,7600,7600,8640
